{
  "mean_iou": 0.8541666666666666,
  "mean_dice": 0.9066666666666666,
  "num_samples": 3
}